##BLOCKS= 1,,,,,,,,,,,,,,,,,,,,
Plate:,Plate1,1.3,PlateFormat,Kinetic,Absorbance,Raw,FALSE,4,60,16,,,,1,600,1,8,48,1,6
,Temperature(¡C),1,2,3,4,5,6,7,8,,,,,,,,,,,
00:00:00,20.4,"0,1259","0,1682","0,1584","0,1586","0,159","0,1561","0,0879","0,0886",,,,,,,,,,,
,,"0,1251","0,1686","0,1701","0,1726","0,1698","0,1651","0,0885","0,0878",,,,,,,,,,,
,,"0,0883","0,0882","0,0884","0,0868","0,0869","0,0873","0,0872","0,0877",,,,,,,,,,,
,,"0,0881","0,0887","0,0878","0,091","0,0885","0,087","0,0867","0,0877",,,,,,,,,,,
,,"0,1613","0,1705","0,1709","0,1686","0,1699","0,1675","0,1604","0,0879",,,,,,,,,,,
,,"0,16","0,1656","0,1658","0,165","0,1656","0,1656","0,0883","0,0889",,,,,,,,,,,
,,,,,,,,,,,,,,,,,,,,
00:00:16,20.4,"0,1262","0,1688","0,1579","0,1573","0,1587","0,1559","0,0878","0,0884",,,,,,,,,,,
,,"0,1246","0,1681","0,1715","0,1736","0,1695","0,1641","0,0883","0,0877",,,,,,,,,,,
,,"0,0882","0,0882","0,0882","0,0868","0,0867","0,0873","0,0871","0,0877",,,,,,,,,,,
,,"0,0882","0,0887","0,0876","0,091","0,0884","0,0868","0,0867","0,0876",,,,,,,,,,,
,,"0,1595","0,1709","0,1697","0,1677","0,1705","0,1683","0,1593","0,0878",,,,,,,,,,,
,,"0,1586","0,1644","0,1657","0,1649","0,1653","0,1654","0,0882","0,0886",,,,,,,,,,,
,,,,,,,,,,,,,,,,,,,,
00:00:32,20.4,"0,126","0,1694","0,158","0,1581","0,1584","0,1549","0,0879","0,0885",,,,,,,,,,,
,,"0,1246","0,1685","0,1709","0,1736","0,1697","0,1649","0,0884","0,0877",,,,,,,,,,,
,,"0,0882","0,0883","0,0883","0,0868","0,0869","0,0872","0,0872","0,0876",,,,,,,,,,,
,,"0,0881","0,0887","0,0876","0,091","0,0885","0,0869","0,0866","0,0875",,,,,,,,,,,
,,"0,1606","0,171","0,1702","0,1679","0,1702","0,1677","0,1596","0,0877",,,,,,,,,,,
,,"0,158","0,1645","0,1654","0,1644","0,1654","0,1659","0,0881","0,0887",,,,,,,,,,,
,,,,,,,,,,,,,,,,,,,,
00:00:48,20.4,"0,1262","0,1695","0,158","0,1575","0,1591","0,1558","0,0878","0,0884",,,,,,,,,,,
,,"0,1249","0,1692","0,1713","0,1734","0,1691","0,1664","0,0884","0,0876",,,,,,,,,,,
,,"0,0882","0,0882","0,0882","0,0868","0,0867","0,0872","0,0872","0,0877",,,,,,,,,,,
,,"0,0881","0,0886","0,0876","0,091","0,0883","0,0869","0,0867","0,0875",,,,,,,,,,,
,,"0,1597","0,1715","0,1707","0,1685","0,1712","0,1677","0,1595","0,0878",,,,,,,,,,,
,,"0,1578","0,1643","0,1655","0,1641","0,1651","0,1662","0,0882","0,0887",,,,,,,,,,,
,,,,,,,,,,,,,,,,,,,,
~End,,,,,,,,,,,,,,,,,,,,
Original Filename: BHI_V0_07_09_2026_9H; Date Last Saved: 07/09/2026 09:24:06,,,,,,,,,,,,,,,,,,,,